{"cameraMode":{"drawMode":0,"name":"Shaded","section":"Shading Mode"},"sceneLighting":true,"audioPlay":false,"sceneViewState":{"m_AlwaysRefresh":false,"showFog":true,"showSkybox":true,"showFlares":true,"showImageEffects":true,"showParticleSystems":true,"showVisualEffectGraphs":true,"m_FxEnabled":true},"in2DMode":false,"pivot":{"x":-0.6651521325111389,"y":1.1669620275497437,"z":0.6991716623306274},"rotation":{"x":-0.006991524714976549,"y":-0.4729267954826355,"z":-0.003752816002815962,"w":0.881065845489502},"size":2.0455117225646974,"orthographic":false}